BETA,SE,QUANTILE
0,0,1st
5.44929013225246e-08,33578.4533548994,2nd
4.39568498579006e-08,35062.6148979136,3rd
1.70401715327151e-06,37420.3519624483,4th
