OR,2.5%,97.5%,QUANTILE
0,0,0,1
1.36448722580521,0.725707661744455,2.60430539794645,2
1.44990193256199,0.775832436766685,2.75658037169341,3
3.23039523785753,1.85886498739333,5.8470896062654,4
