OR,2.5%,97.5%,QUANTILE
0,0,0,1
1.06659888865561,0.539099015705773,2.11884688318218,2
1.6685162488334,0.896008938768773,3.18586083629441,3
4.10397070044809,2.35864478780505,7.48627959791535,4
