OR,2.5%,97.5%,QUANTILE
0,0,0,1
1.38438928695993,0.735564810833973,2.64472917630088,2
1.51080356164067,0.812040753165518,2.86465134396518,3
3.25963863694318,1.8861957555984,5.87559475305744,4
