OR,2.5%,97.5%,QUANTILE
0,0,0,1
1.5857994402553,0.731901979720108,3.56109917667225,2
2.94155090686771,1.48294806136052,6.25617415589278,3
6.64708165822743,3.54425241189015,13.635373597802,4
