BETA,SE,QUANTILE
0,0,1st
-1.7796055682243e-08,41337.6284886088,2nd
3.06012994790771e-08,40203.4527535473,3rd
8.90119483968459e-08,38346.269105275,4th
